3.854910139265942,-0.9435510450928821
4.328732727777127,-0.09675618382896534
2.7031292196274808,-1.1814498203054202
3.86570130875021,-1.1069431327801988
3.057060930295474,-1.346455325151453
1.5465081526248863,-2.139136523684561
3.6863041343144154,-0.5220877243826103
3.8013574912317827,-0.2978429287762243
2.2193030548972645,-1.4408298024221
2.2828665429466803,-1.9830370738705771
4.401693967351104,-0.3624308369877157
3.2787820786583275,-0.6864150640831539
3.5008408490668446,-0.6287141754151656
2.9357874897578258,-0.7815661497988529
4.538067588891994,-0.09600353727320798
3.0125765638971806,-1.8759942919322379
3.4594215508070456,-0.4831295322452759
3.2434429121421426,-0.637472934998732
2.5895822276440335,-1.2578330162565057
4.034616347918254,0.010794111796587957
1.673613444636419,-2.0307495644207183
2.4099909124178964,-1.738772933852542
3.5267975494887063,-0.7717205923619321
3.0870257588203165,-0.1440698726875531
3.2457630791665086,-0.9724959795168803
3.9392988158005258,-0.4771834574226008
1.4764844951699998,-2.4673623414141472
2.110255624064096,-1.2781854083410358
4.798727722996314,0.3486495904526379
2.54293057089477,-1.760125500112433
3.896240514587987,0.10212427600472296
4.242259920154426,0.016029671026878578
3.578055027018837,-0.9281566039412328
3.493763400924664,-0.8478665545427392
2.051067581685546,-1.3972549681443134
1.2258777611054663,-2.1319962329835467
3.6285998955397214,-1.2278121053576063
2.7494536717908336,-1.3320747211302812
3.2014036629760887,-0.44660843126486727
2.2595079462965986,-1.3424131160547268
3.1685366290278516,-0.8119364189151164
1.834948151378688,-1.536255384974769
2.8674952996655936,-0.6112876280772986
2.5206259100678343,-1.732432190352494
4.288144739621966,0.10892568112250656
1.8246408819266526,-2.2437344504109955
4.034742420549733,0.34400895935487297
4.032498114817945,-0.7607308976033945
2.958376575922049,-1.4721851376996742
2.7725582151421455,-1.2044864122038115
1.9736496336900542,-1.4743373687822416
2.7010641594743534,-1.0691169967931768
3.858047645242838,-0.2283535804282394
2.650560140606713,-1.125506725639361
1.8268762914278842,-1.9031417182226789
2.831882024375714,-1.1897021187246477
3.371446851100825,-0.9060815396126514
1.2507680143607787,-2.4902045639485344
2.572023076858315,-1.515458736018894
1.1183886106884249,-2.7631718856162952
3.4547403688994303,-1.2712156984762921
4.244394573289562,-0.03388441553267574
2.6161738670683166,-1.2450228333082374
1.1516965367907015,-2.3734908421701792
3.362985072615999,-0.6322523396322153
3.0096474766588357,-0.9366312259561544
3.598554298832239,-0.6752029632796542
2.357379803103736,-1.7939890006977273
3.3869595225425377,-0.45205686408820167
4.124368848495982,-0.3862316243782037
4.702656531979203,-0.018594271702010445
2.277082019674726,-1.7327993918800928
4.111757427005074,-0.29754439795325593
1.3875773246488154,-2.3747424580817937
3.293339621927704,-1.1209143748417731
1.5250448371812086,-2.291898662894379
3.8523123055806208,0.10959403086661323
4.101545049372284,0.06829992675796182
3.1262150657231613,-1.5204187425748779
2.436395335072385,-1.2423821745747845
5.126036824152937,-0.17908216118537523
1.7583110792635455,-1.9824788810028968
4.7332878524824835,-0.00867715048423956
3.4172210248220756,-1.1064238898099221
3.2956594872957226,-0.8491660781843451
2.6017738079022634,-1.3665697679378173
2.6446666802131653,-1.6691127431309467
2.3616806806229294,-1.953549637106399
2.7514974794229823,-1.3627624123987363
4.0194409212453275,-0.29906296944143806
1.8142497315321855,-1.4125307654140629
5.557617649654689,0.4625056573540589
3.6843141096027265,-0.3263735991674164
3.238948264793324,-1.1548320862987191
2.766411840814967,-1.4548118988384744
2.997148828056633,-1.4705876078136804
2.649153139290183,-1.749435684821488
3.8738693638641055,-0.7056706073728705
2.5126463764771003,-1.5375951622035025
3.2212927831300213,-0.37721852938434564
5.599364863996129,0.8870329777207635
2.972064662545716,-0.5797806253518808
1.7065185640983804,-1.2545489206670735
3.316330861040635,-0.46569687084927625
2.8066271999927617,-1.1869807525321672
3.4149460278368284,-0.3448048938184983
1.727761677646341,-2.0250486104868592
2.4278023772858264,-1.4215678685073188
3.0099014227650778,-0.914274294865192
2.5257838804283805,-1.3682157668401502
1.2625795984852723,-1.7157889338428676
2.9791712770248946,-1.1284448085779588
1.641133035338712,-1.572268610026109
3.520293248088564,-0.6485240826904808
2.9791727191313457,-1.6457659080834766
1.615036913694579,-2.2344927114152187
4.492841815222851,0.09430495645498893
3.400640123262071,-0.4757582532364979
0.9155238029502271,-1.7065089799698092
2.6902776941613276,-1.0457856421011993
2.3464847001489906,-1.28848705019917
3.4735789764267704,-0.5753355113538073
3.6579053882991746,-0.3533433881344712
2.477035189475056,-1.5036873967201938
2.2852935553221494,-1.8659763357885146
2.614131773742011,-1.441472307680819
4.244281908562557,0.15984018461508254
2.364156611286834,-1.4132256876652385
1.4013850645298236,-1.8021897632281685
1.7283394321428234,-2.876437319823983
1.7231532313727824,-2.585541829240345
2.088274259386605,-2.1193243434536986
2.590100553495418,-1.3938203471466708
2.4782614819109163,-1.7996024475497518
2.2506146177862147,-1.4747934841708972
3.0791155902589815,-0.5949130939694863
2.2392235552915984,-1.3707892714609295
0.8130575851995299,-2.8099668325182634
3.5984698641781536,-1.285650320583498
1.7804127137864107,-1.7279308515653136
4.871738390980694,0.5418737020298874
2.2208662242272714,-1.2852764063864994
2.3962416002859155,-1.2494175005909178
3.401895950908876,-0.9081838589221871
1.7587499732572425,-1.663852303684993
3.8208286624794017,-0.6567007219536506
3.141571754160247,-0.7050915463218517
0.7790589832253887,-2.3915185054174453
2.428023428748463,-1.4151655729467398
1.833640175049504,-1.790294569470734
3.7805715591321394,-0.24628396490902282
4.194401961227863,-0.14043709898250134
2.810444567712736,-1.4213527390621716
3.57271997949747,-0.1942560417814162
3.708932147118653,-0.4192535933351843
2.1249222394282334,-1.1945813147957938
3.9265947158874512,-0.38383366516866235
2.515834256422632,-1.586059643982925
3.1128870003501574,-0.25997732192076706
2.1026353468618515,-1.8248952548255675
0.923937221245962,-2.339450243736186
3.728432846139876,-0.5596702032674983
3.58697934637566,-0.1911816184616698
3.445939603618229,-0.4756536318955117
2.7147751711016994,-1.4217802166862001
2.1223374995146425,-1.5223567261222137
2.5242675818591858,-1.347043499534453
4.073605663457335,-0.6261938078065611
4.014413633926092,-1.0637842989465414
3.556178223273089,-1.2073547878127553
3.2340977486743614,-0.7886099952769674
3.592762060058563,-0.29743928498994754
3.2109556456752757,-0.9421998573503598
3.502106809552025,0.06623889619072676
2.730207996602762,-0.8207035985724174
4.136306774185133,-0.9050971409538799
2.287612861071901,-0.9012177489126809
2.4979302421194665,-1.4940635473675297
3.577690741031133,-0.36843504153726736
3.515356237289943,-0.8897895947804094
4.081582553421827,-0.036161509126427904
2.5484637976857436,-1.3316280156035227
1.9334682841368238,-1.8829437442848502
3.407634406259021,-0.7798343008149431
4.264460161548555,0.2705181722539387
4.638112545209947,0.1335439629884312
4.265712580848117,-0.06921519357041095
3.445826643568607,-0.7522241878525875
2.9758146118070727,-0.536735235141371
2.4804067040940314,-1.4381050843378085
3.1620756492019053,0.13973617823119522
3.454555244265397,-0.6451285997638394
4.8966907402046616,0.7442392821407906
2.8064109813832427,-0.8797794590185427
3.7940553898917058,-0.4633946953439283
1.9575277559536255,-1.6065322655000074
2.7189408796189367,-1.4921067796768548
2.860032353713697,-1.5572926444215316
4.579030347898252,0.10777096440225731
5.667130654286737,0.5095631457665575
1.5093918766987324,-1.8814370252265946
1.9003013323186402,-1.88422485347136
2.6433868061638908,-1.451414109735273
3.037430510474333,-1.0500896354941713
3.913909327199648,-0.809949776245998
4.135301840857795,-0.03066908622803166
5.541269068983924,0.32742301879054847
3.0675838328376837,-0.7903587202771075
4.972055407426879,0.7085988093399656
2.3975273491915075,-1.4963123964631266
2.36885327807436,-2.0194327246553394
3.9026721027940807,-0.33068321007993073
3.213949728819025,-1.6827428755522371
2.2167448766962115,-1.3551834841910857
2.571320803805644,-1.486840175557857
3.912023774825594,-0.3418168649990986
3.6122814866319364,-0.8061229975500714
4.109091479494868,0.02893909873898637
2.128529778760184,-1.4284166444177715
0.9450105712765313,-2.8814846756896197
2.6886563565331327,-1.6942762251246912
4.124521337007161,-0.12819411697768857
1.0677688156267287,-2.311137166664138
3.4379049374224984,-0.5159309041659079
3.9102445020315564,-0.9204609967022348
2.520087662707163,-0.9842402545284704
3.9160911085896304,-0.6114363847819373
4.4451331597672095,0.2981332438024735
1.2154635831331655,-1.9844322623299306
2.8065676161701036,-0.39415561496112905
3.0806911569308792,-1.0333606835043332
4.636614589703262,0.18272116951558348
2.5194861348593447,-1.3779645464565926
2.139850817786966,-1.5642094954557235
3.452746597826076,-0.47408662434262305
3.174229978564676,-1.1501813623598662
3.163406645614663,-1.2491554960374225
3.7651454646903773,-0.5297194994517294
2.972414037938513,-1.5249654337517882
2.285930618423481,-1.3786480024385748
2.3825486116848253,-2.1640627040628555
4.518177736421885,0.6847842115989051
3.3976822864872047,-0.871305515109529
2.7707079643306085,-0.27363601604541965
3.4117682300709107,-0.5292068983354634
2.0231510937190498,-1.8622881633088006
3.637508503490433,-0.22440848337321695
2.0619250325726055,-1.6249520679207357
4.164030437672377,-0.03575220970489523
1.221944108108963,-2.4390576132944735
3.3208254974831584,-0.7072433905710476
2.3621081989195587,-1.3678602468112648
3.4572182749899927,-0.5855117593215518
2.277063516199986,-1.5108775922721007
1.4726511449395014,-1.8280637765241554
3.6347788216770636,-0.196303515848269
3.0009165943873257,-0.6962417367233147
3.774712771841444,-0.26086520876376473
3.807731048572436,-0.2056394197069582
2.602012658990895,-0.9500056551513361
2.895165117139265,-0.9889108210188815
3.1161988032244645,-1.0196514510713683
3.8818978300626785,-0.15551634207097664
2.1510923864679,-1.5455059879865534
3.713106799996927,-0.10224340923100284
2.6746508896152372,-1.8780394088716634
1.7742202239078235,-2.355406668131339
1.9942931521454328,-1.8715555911056565
2.8719682056059264,-1.169139258519811
1.9624759881139227,-1.887683807994911
3.6638046358043037,-0.21259485346635854
1.7280756746892874,-2.1571197889303804
3.1302277763324593,-0.9033000163255818
3.4459507813023618,-0.6896534910485757
3.0240891465155357,-0.802321106390701
1.8119982735616744,-1.5113828365705388
1.695848393483192,-1.8050538356889376
2.5755517435104136,-1.2879616458077439
3.496276680300496,-0.6547162763369925
2.5324996689968207,-0.96360592506943
3.5608335004239486,-0.5273487649833317
2.6096771674461596,-1.6213660911905274
3.670216647830774,-0.887400219114556
1.7097379612015817,-2.3956179728332487
3.9111242058161917,-0.8539299789876773
4.532184601438509,0.12306723872943981
2.8893496255684745,-0.7717277778362632
3.992914006100134,-0.20926607057582025
2.784832113326827,-1.1777641079283891
2.360514462683889,-1.2493766653458234
3.2621696898892787,-0.987193984269435
2.0777077206493013,-1.7077367362185734
3.466693074958111,-0.4165093791135147
3.8212354622385565,-0.45420634742104826
1.319112570062992,-2.3895740408015254
1.2051331602382054,-1.818885586865896
3.6685947962514662,-0.6176678827755189
3.5941173383719027,-0.8360695005435531
2.4529879023263765,-1.1946647023375898
5.468082780748257,1.1472943368992023
1.787212561466469,-1.684194044332969
2.3060543220169487,-2.1056856971234015
3.69091522136529,-0.3343582129715801
2.4500867589717563,-1.2253935367920092
0.4900193854025878,-2.8572009114759824
2.685441344637044,-1.3945660670813347
3.537055341314706,-0.641978210030949
4.546376119585701,-0.21626021164640818
4.46787925709989,-0.1922249346793825
3.7061843745633105,-0.5754723012975068
1.3138353105157308,-2.42519887373958
3.740584207754625,-0.12531605827436865
2.357128627869886,-1.432847638628841
2.1787842248946268,-0.9879055664179179
3.1123648860574837,-0.9763722229335342
2.2495526793242755,-1.743573080721036
3.4288874527783557,-0.6123629566076714
2.542984624269293,-1.6948246043441566
2.0089228867647346,-1.8185903916680153
4.469594517353913,0.2249655317546697
2.164048997665416,-1.9913460564177308
3.111697135314572,-0.8996728062338433
2.5678565357832577,-1.0998141925227654
3.8509571331570585,-0.24760846823136362
2.2545769568941436,-1.4010868581764473
1.2212838293049795,-2.3452767313801965
2.246683134286223,-1.1837077143633454
4.412616102592399,-1.0501675266088095
1.977169205071895,-1.6097885705807018
3.6181180642325703,-0.6127474916781345
3.114883283814771,-1.021069760706291
4.330047280027656,0.34919956908704153
3.374551496311685,-0.21063192352932547
2.919760628702211,-0.6407838527336928
1.7012162022809068,-1.379111741080225
2.973605549557969,-0.8783666271309951
4.236676082254808,-0.11703059316401376
0.7997432628517935,-2.5241899970659154
3.1167104090114455,-1.1368307358507896
1.692152450147295,-1.8394131970637773
2.940260840963687,-1.439349565787711
2.455469857736379,-1.5310888939685399
1.7108557021687734,-1.955434511551085
1.956487860523173,-1.5578592409576015
3.48283812436878,-0.7739793437228564
3.7452432213514713,-0.7123434729321978
3.6911309146564397,-0.19848886874541094
4.3313664068044,0.20328108652623245
2.5496392346907766,-2.0575786095256245
3.660684843060843,-0.21944495400889708
1.2762767444735708,-1.7309482284456554
2.946449678188675,-1.231788834115573
2.8913886961567914,-0.9532345417354933
1.9885627450681853,-1.558432207002009
3.229788510861932,-0.5983070874621093
1.8520219202680532,-1.3760471822630382
2.9242313061246903,-1.3899672426257115
2.8081217931483726,-0.998651805392764
2.5423917149761714,-1.1717736988131284
2.917553399890904,-0.7067315684191884
3.4959684633246737,-0.794873043655238
3.954404255413363,-0.562347303708209
2.1062041138038277,-2.3114953211519893
5.2747184069534825,0.6350362346565301
5.569307242465453,1.5239133264969933
2.91569112823677,-0.7755081558535899
2.9611368440971804,-1.3845219289760724
2.0273987427574762,-1.3794240546041803
1.8003111095997204,-1.8398443454749427
3.524530496043593,-0.5930680865929423
1.4584308913494466,-2.3409503182236064
3.9305992090100195,-0.6493531546705879
3.0264997216704166,-0.6242871811368091
4.7925569338620875,0.04764467747940615
0.9961605911048275,-2.7509287423696316
1.43107453447855,-2.099345223769059
4.178559491116031,-0.3341370865286081
2.883435753624877,-1.1740468267811277
1.9861324621521856,-1.0782024989678436
2.3055670464560047,-1.709258587544685
3.9951250380500203,-0.6268789859801258
3.335070797707506,0.022149619904615392
3.4250320411256863,-0.36547568064310154
4.371399620107889,-0.04667366093620451
1.9917040530677723,-1.416571056353328
4.579074067668567,0.42075017877138676
2.5082098249913054,-1.6411710818123328
1.072155706408907,-2.4602029995223402
3.3779052059435606,-0.5508803396242155
2.020805311438898,-1.7707733514076431
3.3245340125876823,-0.6059963757605021
2.158498998964279,-1.1932494175370514
2.385741433904973,-1.4636395698096052
1.2413752460234964,-2.3755100950955543
3.7570613415960725,-0.5649806267631254
3.3807542364713488,-0.22484514358746643
2.269670366264147,-1.2722151320942159
3.0606490876140904,-1.1467849661701048
4.258941332101337,-0.3438152147408631
2.921924066854201,-0.664261635835834
2.985094940213534,-1.053744842357869
2.806178286310945,-1.0983884926846454
2.768148758000793,-0.31339221798926575
2.4144257167950207,-1.4146732579313557
3.595758704629575,-0.3838110651874447
3.2457116723907253,-0.6445921094591064
4.033126222295195,-0.6320302566089967
2.717243003983169,-1.2053396215072496
2.179121821425273,-1.2121413730622974
2.3924892084793683,-1.3397208121558672
3.6180907902558492,-0.6715987835645384
2.7494674222105426,-1.5690390441509192
2.762573804530681,-0.9038177400396643
2.264470262626598,-2.1852117467325183
3.803832136140469,-0.638312079614285
3.877321818338994,-0.3234861527583006
2.5514639661502896,-1.6409073020084484
2.382496085958346,-1.555002769546495
1.6988488144023925,-1.5348875268903819
4.504799572954241,0.35162485096669327
1.6241301601211466,-1.6748148614365732
3.466080776873994,-0.5923232414799064
3.155278359732106,-0.5303841124116442
2.5055769125781095,-1.5924708157434155
2.9525871988134202,-1.1650624526400442
2.364651934702267,-0.8078023704532865
4.4763540298125175,0.01582328821515655
2.1833868197586472,-1.5606153793371165
2.174884213398497,-1.4527151049993055
1.4331877297893982,-2.9410805346543762
4.659662601959693,0.2712580282405832
2.494034842612219,-0.9506103597013777
2.1038646409305466,-2.08820258358816
2.076355757115369,-1.0039203269249057
1.6582900715432547,-1.98015703375235
1.4577926385078912,-2.4047707758202166
4.814995665221329,0.08631645310343994
1.9771295473827546,-1.7625786299823414
1.3405126078308045,-2.23134393123021
4.286099918070733,-0.09801099571590877
3.798197809399393,-0.23910085730468567
2.9673966225967967,-0.9352378799882745
3.9960655025378315,-0.050448388956813695
3.102566275316492,-1.1704516888470455
3.6077594634243675,-0.5804349813542484
2.7013799698376464,-0.9645719669940849
2.9431970844122652,-0.8362012654291356
2.8510551344768573,-1.2374897592919587
2.7571009960234236,-1.3785143024284867
4.188646642601299,-0.4810774130065101
1.5658061567522799,-1.826030507434828
1.941726708018084,-1.9966230093322772
2.4797412802620067,-1.6801322162713879
1.9888797594201555,-2.1348084191844774
3.3273439552265387,-0.3710755026115963
3.107232962393178,-1.492607084480261
2.6813571514883385,-1.1887260253172274
2.2703226512382346,-1.5832429489999247
2.818129775567523,-0.7460230548685627
2.312389525275362,-1.4905824002809074
1.957276935659833,-2.161729580014584
3.3012790250133897,-1.1047116223809708
2.404687511564908,-1.6081111274965163
2.036126430320863,-1.7877416494654337
2.9589862513543337,-1.269929400400123
3.959897022816265,-0.008976464510930815
3.1624579591712654,-0.7469663987004376
3.4624241730004206,-0.965046163193215
4.344450618780976,-0.31405326215620466
3.9786241715178994,0.26466047644817503
3.5650336260826503,-0.7221843265249492
3.0570904184796115,-0.6655078045599416
3.6154081924281067,-0.3475590635121314
4.791585494407006,0.1775557936248382
1.5394725469985016,-1.7880082525938303
4.625126206479022,0.4004179104282086
3.0573106415004028,-0.6784509175541239
3.2779103670506706,-1.1146494631543873
3.0455746150909797,-0.3684003713393209
2.91520401188942,-1.7273366302711985
2.620234729062255,-1.5740007629285462
3.345109398874,-1.3832396843670192
2.133999735897905,-1.5894247878533787
3.38567140861563,-0.9798832186742412
2.9569497304565946,-1.4073109079752366
3.6793687239636057,-0.8180311341502206
2.591434501255541,-1.3872930748815633
4.497595027189987,0.6149766199269111
4.609045665968171,0.00964948967831214
2.9197079045620637,-0.6228957540011879
1.6333050852153403,-1.9767143303102335
2.025706294896154,-1.407934544691131
4.797180799080574,-0.001766034454016907
1.3972353374771376,-1.9599446914204015
3.5910098163945534,-0.7967797490955063
2.30973637683901,-1.0239702900394319
3.427120928012234,-0.9115037228136676
3.322852050928515,-0.9412513233286739
2.4876259858979966,-0.6546603237232886
4.4309381160451675,0.08745272964382966
4.5467254641125425,-0.2601316744253874
3.28723572995283,-0.3123077044456748
3.0509579641202036,-0.24435790120335577
0.7285274301080431,-2.9328109052232163
4.864959706831456,0.5939546372676066
2.332703135603449,-1.5497657039589459
3.667707096128162,-0.504699555367457
2.033157792222063,-1.8431426632592225
2.6975296880703477,-1.0858536725164423
2.3235866690153184,-1.325277859437584
3.4846528673133026,-0.8651281288644451
1.3926412641736567,-2.48874147982645
2.1556886654420158,-1.8108865499710975
3.1716224680688736,-1.543864585405662
2.812957594441065,-0.857218152997746
2.549075377124373,-0.7128901592730675
4.007382998253521,0.2983591616777539
4.638904972437072,-0.40832954013587863
5.432159210429817,0.9231365744369462
2.4256094989680506,-1.455599011211339
3.3611026757061073,-1.0423256254871647
2.723523793400985,-1.1072514969502356
2.6002106664689673,-1.3065408096349405
3.8913576568414103,-0.4607672486205203
1.2644370646053822,-2.4912989714774385
2.4189407329671835,-1.6838533902246757
2.5331211694486937,-1.1892945479492347
1.0520800521582596,-2.067410764440469
3.6765091536930226,-0.8342024908593708
4.073352973423219,-0.33191192650362367
4.792049594835942,0.17994131877883457
3.839524415115596,-0.42826876853756113
3.0747972118407203,-1.0010314058025669
2.06424513467171,-1.2590696354961965
2.0768710618018886,-1.635821198390498
4.32554952325123,0.05883446871682296
3.566622844323303,-0.48943837188659955
3.7453173032668907,-0.7403175249781493
2.7670037958730873,-1.2533976293921676
2.694654345844894,-1.0373559228142735
3.031850158634043,-1.0113780640963121
2.250897702272332,-1.8898036297749803
3.043703132343572,-1.1921961429094623
3.555879053073981,-0.9117948230512957
3.3092691466882322,-0.700594485229886
1.721373481021912,-2.403436101592615
4.110943448706849,-0.15223044171118605
3.935119849729073,-0.6657812484306298
3.9755901250598513,-0.5336888506986687
3.3487683530209646,-0.5114747354254858
2.212101286050781,-1.7834617275654019
1.8700216079822871,-1.9592173205633383
3.193753205639859,-0.9075434791720237
4.341277984665837,0.6841700050620025
1.4162608411365325,-1.7539233198713688
3.04809133958257,-0.7517162532951516
2.809448947564893,-0.9565951589467134
3.2377201968183718,-1.235358694443677
2.7676934598224223,-1.319448698076292
1.771502840466428,-1.8662422036309771
2.201114630698543,-1.4486448266558263
5.1752054251685085,0.36784438744955006
2.6028146296429826,-1.3001206581427969
2.429342198567415,-1.696328035442169
5.702778745916925,1.4531820021469182
0.6986316312908434,-3.0212102086274024
4.047160713786987,-0.3902159656686587
2.897224253566234,-0.942684809875265
4.868124007650278,0.19319287562674958
2.752641520980123,-1.0886773516743329
2.255820700536616,-1.740442965692263
0.6210777735566002,-2.529576196959667
1.6017826411354636,-1.5335176293121835
1.9547023347583392,-1.963769446408972
3.5971510474122375,-0.5260074624813782
2.4571422910247285,-0.9658977860437972
2.721862913266799,-1.409180327697181
5.30418038204126,1.060940678869037
4.145364166845422,-0.2827257887055634
3.214483822514044,-1.347282387118825
2.6438609002043103,-0.7859861234188283
3.3274234571433223,-0.847541752603835
2.1883965508577496,-1.845906271010866
3.5309531236886285,-0.521483402463186
4.460560758501251,0.6785038107056298
3.2595593689663698,-0.6629883503509586
2.9120831260112805,-1.2787068963557167
2.8063819739956624,-0.777761238508887
2.617034789844972,-1.233448258267076
4.720053719018946,0.1386542970657425
3.937216639265604,-0.3727579836703919
2.476325377394355,-0.9206671233322119
1.9155075774963322,-2.215591450332451
1.214452871475919,-2.0431045745758385
2.0289565138152694,-1.866625158651979
1.9626240488556717,-1.6037681776857124
5.111584396139268,0.2280628217475711
1.9143938955844768,-2.049074632833049
3.2367087389779465,-0.6134409591360496
2.0821267899474565,-1.0851998951577686
4.094076695612777,0.06791691496808716
3.923070328807322,0.11508224724770244
1.5111665995227326,-2.5255624491006152
2.9597498153896775,-0.883392406936929
2.35055761142031,-1.6654048878516112
3.1103098288659585,-1.0933461465872647
2.9622481179901046,-1.2052954958271325
1.6993754106222179,-2.0153092251583713
3.3454528802537564,-1.0650159966030663
3.5522958399851703,-1.1858647587608517
3.7565720911118907,-0.3829329802763072
3.5463911834325685,-0.614627990178962
3.748966734179391,0.1723516239927676
1.5020758318801697,-2.550453893220804
1.5937911042825774,-0.8255815473022696
3.453717885931866,-0.37776957008279544
2.202231144888189,-1.2964174007775844
2.4354584324238395,-1.058208689072865
2.7299818819716126,-1.4228076625580126
3.3551411542590905,-0.866378861957031
2.690225413571137,-1.7766168745951185
3.121948771608565,-0.5977484988664852
3.0521271685854434,-1.1498945138413446
2.086708269786665,-1.4511499372798027
3.767200892488561,0.16954351882720342
4.185329300638166,0.17876243087114885
2.8742482860921146,-1.0090905305893676
1.680773899487228,-2.1434509639998356
3.3007722910518598,-1.193936951721774
1.924700413758093,-2.1087567884606906
1.4151570623901115,-2.1521122097025414
3.7679621053553096,-0.8089811521061541
0.9420378296782133,-3.009440475021201
2.1857472569636296,-0.9873505323357724
3.41180598477486,-0.770713059290385
4.072511335507816,-0.4344630076074185
3.7513682548154725,-0.6765961725117731
4.278831487203142,0.2841281703708869
2.7622385200657806,-1.0945328728220167
2.331780067694491,-0.995067102242045
3.2208796835950926,-0.3215268174551763
5.139162252831067,0.6422325980019492
2.712363250667526,-1.716307439586854
3.6559238410665635,-1.0459660864093385
2.4844661306025517,-1.2965138558652078
3.4912157669092014,-0.81842850661863
4.171699909273339,-0.3468960574862354
4.131366900953045,-0.23106568293094876
4.9552277869944605,1.0237776128041105
3.208343383013008,-1.2313914196628382
2.939316120075841,-1.4663847092196685
3.091420707780363,-1.2037850489462423
2.8042942535210336,-0.5679658743699468
3.8290378536682046,-0.5762436083251673
2.881118774365407,-0.830129031039614
2.60313830206029,-0.9542600172911944
2.937290559581105,-0.6142784296197854
1.2335060852248758,-1.2315347568655182
3.445246994392959,-0.9234699824682386
3.9521703749070234,-0.434382135110297
1.5545288246924567,-2.1339269179829286
2.871405339291246,-0.8453323936837996
1.990552228901276,-1.6794372286883474
3.219415241399398,-0.48669758839364474
3.6334959446850443,-0.5875239778248378
4.371262184338558,0.07524505359536082
3.710674450591309,-0.4720980286622881
3.375999920111869,-0.8847053476348329
0.4229886345792573,-2.7205898736133385
3.5274670266976487,-0.6942175322092479
2.9546171539188664,-0.9751359222841599
3.73536214079795,-1.068591004902278
3.0613001318852717,-1.2524948108637803
4.564659653762749,0.1514191025877758
2.916127054681037,-1.0769395440571778
2.014702837561276,-0.9394276565739506
2.7102389728361542,-1.3167285656121905
4.202152153875719,0.22774293359871334
2.921124763554666,-1.417248769704967
5.334039010831177,0.852711983181746
3.302845360905568,-1.1925141215780113
2.648902987338595,-1.4556580292764667
3.8431040419343945,-0.3102322093622608
3.5276920816650956,-0.7223935249594312
4.040310840516784,-0.18341083069206943
2.5556855831841307,-1.7376811540668329
5.379541507152416,0.971093975439193
2.4773774228890475,-1.7872566404035575
1.5216148824895577,-2.2352021223345693
3.4892142128599035,-0.6407576986056727
3.1722597772870857,-1.1463634845001383
2.3248081575797643,-1.820660505529725
4.048828997500722,-0.3194464540391889
1.7563735706054153,-1.8401594825330452
2.4240940300798774,-1.3898309609131958
2.52671013997903,-1.3975151684564318
3.521984208780937,-0.1837834705095993
1.9202678359809773,-1.3647893037165288
1.7405083233371248,-1.7789559940640687
3.034967330899466,-0.7221955918219098
3.683499231231944,-0.7889883390589072
4.014840812097988,-0.597139187621265
2.64030776094375,-1.516345108603685
2.751145465699446,-0.9896647037425866
4.671733313688776,0.3552765065968191
2.9489047459268303,-1.3100958634296003
1.9240184661433308,-1.5373812162536309
3.306999621310191,-0.900717079029464
3.173999123269548,-0.27546359789026886
2.334412948087357,-1.3959620276345162
3.713195527183181,-0.39378713751960637
2.651089440455718,-1.468402311864331
3.4757164072757867,-0.5963342975101539
4.14273160988851,0.506583755377467
2.9241918039156927,-0.7443495040072212
2.3792567921623595,-1.7877912668494431
2.5532493954873416,-0.5629051099809451
2.4377449015671537,-1.9249051968333346
2.154479459664986,-1.0483759872125222
2.7250587332994276,-0.8471283395650855
3.893846133471336,-0.003707875786418957
2.570760393031758,-1.3907291590011388
3.2442496043707134,-0.665309395687543
2.5413609739113228,-1.132549359545206
2.0003316610495183,-2.203760665779489
2.7451417147690624,-1.3982771738340125
3.7741018062078613,-0.1258282926181744
0.8759291765828872,-2.8092694071402304
4.398594037837072,-0.0982793576353912
3.8206685067590387,-0.012953639573332065
3.1495557208438294,-0.9245983954892146
3.6484917938627985,-0.43113988575195905
5.283010730930038,1.0474460816064233
2.1317094629788884,-2.281710902288392
2.0564683387356997,-1.6537775612990624
4.656143656804688,0.22193954786046022
3.096038385846802,-1.0593161864543155
5.555051508683274,1.2128134467490965
2.852447843524663,-1.9641473270372085
2.4466731263524735,-1.401987771043489
1.4010608265257072,-2.1367013641784256
2.881294561243108,-1.1492686707236923
2.468262763753722,-1.4070581049087494
4.944167016869944,0.8520648371610493
4.251217440299014,-0.1607646777449635
3.3487127469393934,-0.44644969333617524
3.2183964776614973,-0.9820414742676377
3.067009007567181,-1.2670002980225394
2.8416711044747087,-1.522110862138568
2.1092344822268783,-1.693370929529842
3.0461438407815975,-0.8897811477007534
3.4419485585477947,-0.32305219819429576
1.2145253251147736,-2.0285342974284752
4.102947158922945,-0.05201953511218682
3.3393439640293328,-1.1203848641331084
3.4163500984479915,0.15018510088191217
4.942947749693204,0.21215116451823413
3.460576415058125,-0.4438992514903046
0.899621646943809,-2.877576527207247
3.469054156327448,-0.00740867793385247
1.140297242343892,-2.5087867872888183
3.9039417373295433,-0.7622112266030646
3.6544678539601403,-0.5228841733011329
2.3805477391297254,-0.709672738338186
3.6614101684741085,-0.1786638048220599
3.265246263681544,-0.46058791355309525
3.877235857888391,-0.5850159206261374
1.4957209358990555,-1.7029823714718957
1.026408986045646,-1.559027808459094
3.1160384224980238,-0.7431223453371848
2.2768178852848493,-2.0130598297046873
2.3590723475627113,-1.0394605113132396
2.0696454339701114,-2.3717745489470135
2.381750406099788,-1.3661559506251182
3.12983478390614,-0.8485548789461829
2.1570858312954266,-1.149199769236426
2.4514723870801385,-0.7207469454200317
2.5646767808362663,-1.3545747968846982
3.7658696312056454,-0.3903441461105064
3.0342002430767447,-0.926833432068122
2.0166210300029856,-1.7780800980694131
2.7993399587924577,-0.8143275096870808
1.9981867671601752,-1.0301763746681467
2.178279688679016,-1.3025492985804072
0.8843791034177819,-3.5664829709067156
3.1712195345849272,-0.6946656660384743
2.1816863508459265,-1.3047814323464921
3.3606054259574027,-0.8847281035324407
2.3801371790007373,-1.0432685984865737
3.3362676644549905,-0.9483212712995324
1.4205990543688483,-1.943814100169247
3.559683088952985,-0.3775491362806185
3.914983073420804,-0.6054681264374584
1.119629344795377,-1.9075263301872853
2.5548185920238153,-1.8374144608557506
2.766967116325022,-1.4869510816484257
5.2622430024608935,1.0197546538430036
4.121197618194943,-0.3848579786469186
3.489903286176393,-0.05846967241645529
3.8386370595103942,-0.18518475312194926
2.3240077170477775,-1.5250067674189738
3.777858401429312,-0.7713381649061913
4.09995627361242,0.2232836102852762
2.8842623666023255,-0.5926236483732179
3.619543726474634,-0.3355368436888083
1.7112384736177768,-1.0746473358895388
1.933404133811565,-1.9184356810776093
3.524185567117495,-0.7818448303538801
2.0004671509918426,-1.9196893963499766
2.9940380002210714,-1.1394892970436914
3.8784597216947647,0.08120374076381731
2.0308981525758565,-1.6107569543431386
3.678781209785781,-0.456667204379975
1.3952973964146032,-2.274935352413044
4.75285885281887,0.5114623263385183
2.9683639851072825,-1.025083495234311
3.968009755995993,-0.028269720760857875
0.672448457890876,-3.0195620494638558
2.8348356835121393,-0.622032495879513
4.763686442409841,-0.13276717836365415
4.764317772374653,0.32731778930861455
4.203018984688681,-0.48513419952288683
4.0289372161483925,0.1768048303739589
3.7167911288997817,-0.751496982527141
2.397305279350019,-0.8786451856024509
2.9105343679879607,-0.5623262959610503
4.660972733266715,0.4008783296464815
4.476028853956441,0.604624580378174
1.5181534648668435,-2.119553374797027
2.6164829919503774,-1.7023239257485987
3.359068059118578,-0.5378476922233463
3.0273621845049337,-0.9862889381976037
3.8826258963360125,-0.5883550033704589
2.1237290138350007,-1.5755301540947382
2.474194681317997,-1.2885896688931844
2.3403413005159184,-1.2977462924153693
0.8281930446743511,-2.681492039656896
3.289734184518079,-0.8031570250810081
3.368628016537886,-1.2429996914023755
3.9284541095397865,-0.03606433442815471
3.853981624580804,-0.40216805655996146
3.337398806541703,-0.6247312360288519
4.62521488402406,-0.1433058372653917
3.4128591139746947,-0.7808899557564724
4.490016455814309,-0.6541800242115103
2.556408328253633,-1.4020072446778429
3.2080844229610888,-0.7210176681560037
5.467305800661212,0.6518548991871496
1.1262023626459643,-2.335726398918911
3.8254957361806414,-0.05729505266551527
5.2004654903461525,0.19328507487134217
4.488706186837351,-0.30108549960628594
4.372811381486091,0.1532533070209101
1.7134014984690527,-2.074673609609376
2.271931650906823,-1.520001017434343
3.460483708378836,-0.4896484342924169
1.3262135651479694,-1.9423910825934254
3.013340120020541,-0.9898804771925084
3.9653902480175613,0.20651962272401958
1.971580590950114,-1.9081518632753753
4.848998415134952,0.532065541704972
4.154961017443761,0.0981207071587018
3.596247536045831,-0.10953076700228082
3.4205629657353125,-0.711662791928178
4.677825951502565,0.6860045090405393
3.0401626274950857,-0.3762985722730492
3.3578766538809064,-0.41750442724530756
3.3035400214580783,-0.7046502940764492
2.7683714469884717,-0.850040399874927
2.7029652596019504,-1.1298026565535788
3.3541294555976773,-0.7041804913084728
1.836405414696122,-1.851052696556994
2.4325543724882577,-1.576266135228831
3.2099181068348903,-0.5764381160520906
2.9666573498919346,-1.009559093089225
2.9336834703755263,-0.8699479272230951
2.5225256201405832,-1.9352094976289507
2.4704121619597554,-1.9229249544117513
1.6389738928579998,-1.3822825133241223
2.287138039093643,-1.1874000947871088
2.9646251099096457,-1.163806117499378
2.681416972912116,-1.3412858201544715
3.8087543307595326,-0.3652550693541675
3.278812025081936,-0.4680952093605585
4.825603699254228,0.38242997933228473
3.6301514947484126,-0.4851634924913256
2.778271453735276,-1.1181830289283263
5.105738334024215,0.22815538259745427
2.7646398074321237,-1.1019417635021307
2.881808137164555,-1.0729139679687578
2.770004176369439,-0.9753455336747988
2.04965367366081,-2.0778112976799523
3.4706863742426872,-0.5723450748280696
3.499395671913365,-0.772704008777849
4.109918100233331,-0.24243574510028332
3.635446433359873,-0.7274900254246844
1.565395996706081,-1.941771156831228
1.3311769498508454,-2.3020491041870104
0.9996513627077861,-2.2152731974657947
1.425777326930403,-2.231857499849453
2.639958029117309,-1.4467017800050388
2.1679664897084665,-1.4320765633949242
2.326713251199753,-1.082702262560129
2.447151585086579,-1.6199624524635694
1.6477154334993918,-2.0937265905853395
4.468784976902903,-0.05612192832057028
3.821085271932363,-0.6308862547222358
5.3150873337804905,0.46630707708980124
2.956003384033328,-1.3857700527621315
2.7585130558524438,-0.6344326474685502
1.1333416606306528,-2.345743489524731
3.846314135480462,0.07335848246626542
1.9712144087159995,-1.5221934372338481
2.2117881483616815,-1.047538412175558
4.017938393357785,0.05266386454536809
1.1273273704652145,-2.6743884480934224
2.4322992491170528,-1.9459127137244812
4.238181154085961,0.0046376938218311015
1.9722826964616758,-1.7637791084370784
2.923270887289975,-1.4807354345571926
3.305992493159547,-0.6453178406824731
2.393034280668001,-1.453722837951124
2.7501949794255887,-1.194795678796705
1.8194625394588764,-2.6118848483894905
3.63487434802379,-0.726109296069961
3.3354667709379866,-0.7121439035877194
3.0048095966132964,-0.796436481186638
2.207805257871773,-1.5459828631696144
2.699847051583241,-1.0941154818273804
3.3487888206235263,-0.9528375692451164
1.8336120670527767,-1.5449439374855314
2.7314583666700845,-1.379008853031983
2.937296904637561,-1.2790530863160399
1.955718890690959,-1.8270688299715538
2.712109836718088,-1.2817962628134465
3.741563918234196,-0.6223409043296199
2.8499887990985555,-1.8461312466376887
3.3672136760403752,-0.8989044106312984
3.3546136262492667,-0.7483438432178943
1.8682612441616693,-2.1887503753664177
1.4162606014902326,-1.8392089103567788
2.991396542415731,-1.5805427903710274
3.1977885383752302,-1.0391954582543497
2.121304666835081,-1.4289893732097103
2.767593562608949,-1.6104051467621259
2.233546810098238,-1.5772124776294825
1.3712192121458868,-2.2353825816389303
2.4164614349235944,-1.4892620695946128
4.267593124668902,-0.09185219118817078
2.4792461015849017,-0.8724519058999332
4.19758544665615,-0.15421902348670202
2.0954022154839658,-1.2910353017585607
3.794630807188031,-0.05679896982838162
4.217272343316974,-0.006394914605930113
2.447713129128895,-1.3538585524493412
3.9506149659242826,0.11367986565396326
2.4225020522581957,-1.3512474386766522
2.4902817780035233,-1.7081674530842386
3.1963990488490506,-1.3905233366235654
3.3474646708943023,-0.29486818784147995
2.41079164065375,-1.367584743511112
4.5374003248035715,-0.2534872710388646
3.379974048644981,-0.9788065633061105
1.9755634287299986,-1.646640464762736
4.12744577113731,-0.6601408871777371
3.1168134408968244,-1.6907434061696067
2.671601233619645,-0.928544012459612
2.3618605071676066,-0.8468990837195307
3.581420185172573,-0.7866908220590639
3.1799507323247718,-1.1079160034894926
3.3101659151395797,-0.5905477703487824
3.724558669806347,-0.4957778529039111
2.788560672064149,-1.3455374741532136
2.420567249550958,-0.6979061557385808
4.045608049200815,-0.24548013651015266
4.878472451684205,0.09598859559529815
1.9489357277318837,-1.6786505470741804
3.589510013752637,-0.6121995812979728
3.158260155428909,-1.306638900463421
1.332937675051404,-2.0812295336681474
3.816371299190067,-0.7685088735510798
1.7304337387360076,-1.9446460802129746
4.072230054724216,-0.23045784676508285
3.2528045126195,-0.6338910218093308
4.655666183729636,-0.22426766444956003
2.293356643507969,-1.8980649797384506
2.4274979986584455,-1.5235428997609044
3.7519682937279843,-0.4197654101605427
2.9640375496505516,-1.095657047749303
3.380894911546076,-0.6610984704263504
2.573350493901443,-1.7568338791110727
2.527244244104436,-1.1313734151479087
1.5272818792057947,-1.2384316828875042
3.7382468110409754,-0.2339391184379982
4.115867163953014,-0.23492933555688233
3.8871337120425133,-0.7525058595836125
1.6428059647541962,-1.895201931453014
3.875775558665463,-0.6662633438955343
2.542470221894728,-1.6725434088481137
3.086392735492722,-0.9270284571092843
